Cities,DayTime,Temperature
Accra,Thu 01:27,27 °C
Addis Ababa,Thu 04:27,22 °C
Algiers,Thu 02:27,15 °C
Alofi,Wed 14:27,30 °C
Amman,Thu 04:27,8 °C
Amsterdam,Thu 02:27,3 °C
Ankara,Thu 04:27,5 °C
Antananarivo,Thu 04:27,17 °C
Apia,Thu 14:27,29 °C
Ashgabat,Thu 06:27,13 °C
Astana,Thu 06:27,-8 °C
Asuncion,Wed 22:27,25 °C
Athens,Thu 03:27,7 °C
Baku,Thu 05:27,9 °C
Bamako,Thu 01:27,29 °C
Bandar Seri Begawan,Thu 09:27,28 °C
Bangkok,Thu 08:27,30 °C
Bangui,Thu 02:27,23 °C
Banjul,Thu 01:27,21 °C
Basseterre,Wed 21:27,25 °C
Beijing,Thu 09:27,13 °C
Belgrade,Thu 02:27,12 °C
Belmopan,Wed 19:27,23 °C
Berlin,Thu 02:27,0 °C
Bern,Thu 02:27,2 °C
Bishkek,Thu 07:27,5 °C
Bissau,Thu 01:27,22 °C
Bogota,Wed 20:27,14 °C
Brades,Wed 21:27,25 °C
Brasilia,Wed 22:27,20 °C
Bratislava,Thu 02:27,7 °C
Brazzaville,Thu 02:27,23 °C
Bridgetown,Wed 21:27,26 °C
Brussels,Thu 02:27,3 °C
Bucharest,Thu 03:27,7 °C
Budapest,Thu 02:27,9 °C
Buenos Aires,Wed 22:27,21 °C
Cairo,Thu 03:27,12 °C
Canberra,Thu 12:27,17 °C
Caracas,Wed 21:27,25 °C
Castries,Wed 21:27,26 °C
Chișinău,Thu 03:27,5 °C
Conakry,Thu 01:27,25 °C
Copenhagen,Thu 02:27,5 °C
Dakar,Thu 01:27,20 °C
Damascus,Thu 04:27,9 °C
Dhaka,Thu 07:27,21 °C
Dodoma,Thu 04:27,21 °C
Doha,Thu 04:27,23 °C
Douglas,Thu 01:27,5 °C
Dublin,Thu 01:27,4 °C
Dushanbe,Thu 06:27,16 °C
Funafuti,Thu 13:27,27 °C
Gaborone,Thu 03:27,19 °C
George Town (Cayman Islands),Wed 20:27,24 °C
Georgetown (Guyana),Wed 21:27,30 °C
Gibraltar,Thu 02:27,15 °C
Gizo,Thu 12:27,28 °C
Guatemala City,Wed 19:27,20 °C
Hamilton,Wed 22:27,18 °C
Hanoi,Thu 08:27,25 °C
Harare,Thu 03:27,16 °C
Havana,Wed 21:27,22 °C
Helsinki,Thu 03:27,6 °C
Honiara,Thu 12:27,30 °C
Islamabad,Thu 06:27,16 °C
Jakarta,Thu 08:27,26 °C
Jamestown,Thu 01:27,21 °C
Jerusalem,Thu 03:27,8 °C
Kampala,Thu 04:27,19 °C
Kathmandu,Thu 07:12,14 °C
Kigali,Thu 03:27,16 °C
Kingston,Wed 20:27,28 °C
Kingstown,Wed 21:27,27 °C
Kinshasa,Thu 02:27,23 °C
Kuala Lumpur,Thu 09:27,29 °C
Kyiv,Thu 03:27,4 °C
Libreville,Thu 02:27,26 °C
Lilongwe,Thu 03:27,19 °C
Lima,Wed 20:27,23 °C
Lisbon,Thu 01:27,13 °C
Ljubljana,Thu 02:27,6 °C
Lomé,Thu 01:27,28 °C
London,Thu 01:27,4 °C
Luanda,Thu 02:27,25 °C
Luxembourg,Thu 02:27,1 °C
Madrid,Thu 02:27,8 °C
Majuro,Thu 13:27,25 °C
Male,Thu 06:27,28 °C
Managua,Wed 19:27,31 °C
Manama,Thu 04:27,21 °C
Manila,Thu 09:27,26 °C
Maputo,Thu 03:27,25 °C
Mexico City,Wed 19:27,20 °C
Minsk,Thu 04:27,6 °C
Monaco,Thu 02:27,12 °C
Monrovia,Thu 01:27,24 °C
Montevideo,Wed 22:27,18 °C
Moroni,Thu 04:27,25 °C
Moscow,Thu 04:27,2 °C
Muscat,Thu 05:27,24 °C
N'Djamena,Thu 02:27,32 °C
Nairobi,Thu 04:27,18 °C
Nassau,Wed 21:27,24 °C
New Delhi,Thu 06:57,21 °C
Ngerulmud,Thu 10:27,27 °C
Niamey,Thu 02:27,31 °C
Nicosia,Thu 03:27,8 °C
North Nicosia,Thu 03:27,8 °C
Nuku'alofa,Thu 14:27,29 °C
Nuuk,Wed 23:27,-10 °C
Oranjestad,Wed 21:27,27 °C
Oslo,Thu 02:27,2 °C
Ottawa,Wed 21:27,-2 °C
Palikir,Thu 12:27,32 °C
Panama,Wed 20:27,27 °C
Paramaribo,Wed 22:27,26 °C
Paris,Thu 02:27,2 °C
Podgorica,Thu 02:27,8 °C
Port Louis,Thu 05:27,21 °C
Port Vila,Thu 12:27,32 °C
Port of Spain,Wed 21:27,25 °C
Port-au-Prince,Wed 21:27,27 °C
Porto Novo,Thu 02:27,29 °C
Prague,Thu 02:27,3 °C
Praia,Thu 00:27,20 °C
Pristina,Thu 02:27,4 °C
Pyongyang,Thu 10:27,7 °C
Quito,Wed 20:27,13 °C
Rabat,Thu 02:27,11 °C
Rarotonga,Wed 15:27,28 °C
Reykjavik,Thu 01:27,-4 °C
Riga,Thu 03:27,7 °C
Riyadh,Thu 04:27,20 °C
Road Town,Wed 21:27,26 °C
Rome,Thu 02:27,13 °C
Roseau,Wed 21:27,25 °C
Saint George's,Wed 21:27,26 °C
Saint John's,Wed 21:27,25 °C
Saint-Denis,Thu 05:27,22 °C
San Jose,Wed 19:27,23 °C
San Juan,Wed 21:27,24 °C
San Marino,Thu 02:27,14 °C
San Salvador,Wed 19:27,26 °C
Santiago,Wed 22:27,19 °C
Santo Domingo,Wed 21:27,28 °C
Sarajevo,Thu 02:27,6 °C
Seoul,Thu 10:27,12 °C
Singapore,Thu 09:27,28 °C
Skopje,Thu 02:27,4 °C
Sofia,Thu 03:27,7 °C
Sri Jayawardenepura Kotte,Thu 06:57,27 °C
Stanley,Wed 22:27,6 °C
Stockholm,Thu 02:27,4 °C
Suva,Thu 13:27,31 °C
São Tomé,Thu 01:27,27 °C
Taipei,Thu 09:27,22 °C
Tallinn,Thu 03:27,8 °C
Tarawa,Thu 13:27,30 °C
Tashkent,Thu 06:27,13 °C
Tbilisi,Thu 05:27,11 °C
Tegucigalpa,Wed 19:27,20 °C
Thimphu,Thu 07:27,-1 °C
Tirana,Thu 02:27,7 °C
Tokyo,Thu 10:27,12 °C
Tunis,Thu 02:27,11 °C
Ulaanbaatar,Thu 09:27,-5 °C
Vaduz,Thu 02:27,2 °C
Valletta,Thu 02:27,13 °C
Vatican City,Thu 02:27,13 °C
Victoria,Thu 05:27,27 °C
Vienna,Thu 02:27,6 °C
Vientiane,Thu 08:27,26 °C
Vilnius,Thu 03:27,7 °C
Warsaw,Thu 02:27,8 °C
Washington DC,Wed 21:27,12 °C
Wellington,Thu 14:27,19 °C
Windhoek,Thu 03:27,18 °C
Yamoussoukro,Thu 01:27,25 °C
Yaoundé,Thu 02:27,23 °C
Zagreb,Thu 02:27,7 °C
